N,P,K,ph,EC,S,Cu,Fe,Mn,Zn,B,Soil_Score
143,69,217,5.9,0.58,0.23,10.2,116.35,59.96,54.85,21.29,72.51386521051187
170,36,216,5.9,0.15,0.28,15.69,114.2,56.87,31.28,28.62,65.21875557759735
158,66,219,6.8,0.34,0.2,15.29,65.87,51.81,57.12,27.59,76.2614634958725
133,45,207,6.4,0.94,0.21,8.48,103.1,43.81,68.5,47.29,65.25680025325612
132,48,218,6.7,0.54,0.19,5.59,63.4,56.4,46.71,31.04,71.86704951337512
137,36,187,6.5,0.27,0.19,14.19,103.63,55.62,62.27,22.35,66.18348115299335
173,62,194,6.3,0.42,0.16,5.9,106.01,47.26,38.41,14.54,77.94300418201271
152,56,218,6.4,0.37,0.27,14.24,107.55,40.8,65.93,14.53,75.10199611430563
143,71,173,6.9,0.19,0.25,7.79,70.8,68.69,51.48,20.04,69.63218737418512
141,20,208,6.6,0.39,0.26,7.49,104.46,29.38,68.91,18.31,66.27110180536255
131,36,209,5.8,0.84,0.22,5.48,79.78,50.38,35.69,41.0,58.60713234334379
146,43,195,6.7,0.12,0.24,10.2,105.36,66.53,21.74,35.32,66.28811381492723
136,78,215,5.8,0.14,0.19,18.22,67.61,56.48,34.25,12.11,67.66364872668944
179,47,213,6.5,0.67,0.25,18.6,68.08,24.23,37.01,33.52,75.99572554816457
170,71,186,6.1,0.27,0.25,12.14,118.34,39.53,31.18,49.54,74.9458853293465
168,52,174,6.9,0.55,0.17,19.96,82.57,33.71,69.05,22.09,72.94295357275621
169,18,217,7.2,0.32,0.27,5.66,70.36,34.26,24.74,44.29,62.63871647736695
153,45,179,5.9,0.74,0.26,19.98,106.26,36.45,42.66,15.54,64.51687087693216
175,38,198,5.7,0.47,0.16,9.63,82.95,46.61,36.59,42.51,67.10828010728544
161,73,183,6.2,0.28,0.29,10.65,91.85,33.55,66.69,38.12,75.18903186246526
172,45,176,6.6,0.58,0.3,16.95,112.96,22.16,56.8,26.34,73.90082587533053
139,21,185,5.9,0.51,0.3,10.19,94.0,34.25,58.48,19.45,61.72439736128791
150,62,176,6.1,0.84,0.21,16.41,87.05,53.95,34.8,34.93,68.42862738403977
176,51,184,6.1,0.13,0.15,18.4,71.79,44.18,55.0,31.36,69.49506000291142
176,12,174,6.6,0.48,0.19,17.53,71.91,41.8,38.42,39.85,68.59747529637018
169,66,184,6.9,0.89,0.22,18.47,63.19,68.27,63.18,46.11,71.31122161907304
163,61,208,6.6,0.43,0.28,7.43,74.29,35.88,70.0,17.96,77.84887958314032
132,26,172,6.8,0.73,0.18,17.28,65.02,22.87,24.21,25.7,61.381209738789465
140,38,209,7.1,0.31,0.18,12.11,72.29,51.01,55.48,38.58,63.85147299568062
131,55,194,5.7,0.45,0.29,10.82,90.61,56.08,58.15,32.65,64.4359223837082
137,76,190,5.8,0.18,0.27,9.37,83.59,27.1,42.23,11.5,66.63489780281658
145,61,187,6.6,0.75,0.28,11.01,116.14,54.45,52.35,30.73,71.73794092829924
147,21,194,6.9,0.8,0.27,9.42,96.66,54.55,64.95,14.86,61.425449261349456
170,57,203,6.6,0.95,0.29,10.64,108.13,69.0,50.66,43.61,71.9617152569516
150,14,215,6.8,0.39,0.2,14.0,104.99,24.9,67.39,37.16,65.3845603177498
151,12,196,6.9,0.57,0.16,5.35,60.9,40.23,69.89,19.32,63.6889008504108
174,76,216,6.3,0.66,0.18,19.55,107.03,53.17,23.04,46.68,80.86167873239458
163,61,220,7.0,0.5,0.25,8.1,90.4,31.96,40.56,47.76,76.15647856997379
162,77,188,6.3,0.22,0.23,19.09,111.44,51.52,31.47,15.38,76.2289120410913
167,15,205,6.7,0.38,0.25,18.59,109.46,49.94,50.26,37.5,67.78163438649658
153,49,175,7.0,0.28,0.17,8.99,91.57,65.61,46.49,47.35,66.75482791710363
167,25,194,5.6,0.6,0.15,18.64,85.77,29.01,24.07,15.66,60.722683555616975
169,26,220,7.2,0.15,0.18,9.12,118.78,20.58,67.41,31.29,61.851318103383214
160,54,203,5.8,0.38,0.18,16.85,67.35,64.58,39.63,36.93,68.84354525292743
151,33,220,6.7,0.14,0.19,12.44,103.93,26.86,52.42,31.56,66.57444049637586
164,72,206,6.0,0.8,0.27,10.13,72.74,29.08,61.03,47.98,73.22393360816054
153,79,201,5.6,0.35,0.25,12.1,103.03,47.11,52.56,16.59,69.38441058197816
172,65,212,6.1,0.61,0.21,12.23,82.96,44.4,20.4,22.27,77.20762467401268
167,24,171,7.0,0.23,0.23,16.91,89.45,55.35,45.29,48.11,62.555702516758714
131,61,181,7.1,0.11,0.21,16.24,75.44,34.66,32.53,35.69,62.79749418316523
135,41,214,7.1,0.25,0.19,14.11,105.35,31.74,51.75,36.69,63.19116257439459
145,68,213,6.7,0.75,0.17,19.66,104.17,69.42,47.15,31.94,74.08746094476217
176,30,190,7.2,0.19,0.22,10.83,90.85,21.81,47.5,31.73,62.509140227059
172,72,218,7.0,0.9,0.21,7.43,100.58,34.67,65.51,34.69,73.38444112232659
157,57,172,5.6,0.52,0.23,9.81,65.34,26.63,54.44,49.59,65.86764536887146
165,80,171,6.6,0.11,0.19,8.6,84.92,38.74,48.12,36.84,75.09598478146505
158,79,182,7.1,0.32,0.25,10.71,73.99,26.78,55.33,15.66,73.01078563426155
135,63,170,6.0,0.45,0.22,7.98,60.38,57.34,51.34,22.41,69.56109793434925
157,46,199,5.8,0.01,0.2,7.45,65.0,24.56,56.96,20.7,61.097955206117874
176,74,175,6.5,0.69,0.23,17.81,87.13,23.95,30.95,43.3,78.65731707317074
132,51,185,5.7,0.72,0.27,19.22,80.11,30.93,36.45,37.74,60.72438013192205
148,51,219,6.1,0.06,0.16,13.6,82.62,66.02,44.14,14.28,66.80672543774759
154,53,189,7.0,0.42,0.29,19.56,84.84,53.28,42.85,43.03,70.53989813144213
133,32,213,6.3,0.99,0.24,14.59,90.79,46.43,38.54,23.61,61.77230942961065
178,32,182,6.3,0.11,0.27,8.07,61.9,26.59,45.86,15.67,67.27391080926081
130,11,200,6.0,0.71,0.19,19.34,115.24,43.76,46.77,24.31,57.755801063198724
163,51,198,6.6,0.62,0.22,5.54,78.87,30.25,41.57,30.42,74.55687416308612
131,39,181,7.1,0.41,0.29,15.56,110.63,27.42,49.04,41.53,62.89749418316523
167,39,183,6.4,0.58,0.25,5.63,66.23,68.1,27.78,20.73,72.44891653805533
140,61,193,6.7,0.04,0.19,14.65,116.21,57.04,55.82,43.71,67.82213697334062
139,55,190,6.3,0.03,0.27,10.61,118.68,50.28,34.29,39.61,66.18327272106175
140,63,201,6.8,0.91,0.23,19.94,63.87,69.02,46.39,44.53,68.66312646704766
153,36,202,6.4,0.24,0.18,13.97,85.31,36.42,26.41,48.34,68.41105006848154
146,39,197,7.0,0.59,0.21,9.44,73.93,48.22,42.19,41.01,67.01340145738449
146,69,177,6.9,0.8,0.18,18.81,111.02,69.4,20.08,49.27,69.97777742099468
150,17,171,6.2,0.43,0.29,13.53,62.62,34.65,23.35,42.68,64.19973646951132
132,11,196,5.7,0.87,0.19,19.53,78.11,56.31,54.22,11.07,51.070586093981674
171,34,201,7.1,1.0,0.26,12.11,66.56,39.54,67.53,47.21,61.88201007377867
180,11,211,6.0,0.84,0.23,5.85,92.52,37.42,47.7,48.25,62.71513833838966
178,16,179,6.9,0.77,0.23,15.36,108.73,63.16,35.03,10.91,63.97658254540957
135,51,195,6.9,0.9,0.16,9.21,118.35,67.13,47.73,42.37,64.46449828820336
137,53,177,6.8,0.98,0.19,19.8,102.44,58.38,45.95,27.97,63.933525580129704
161,57,186,5.8,0.93,0.27,9.5,100.99,51.96,43.01,32.55,63.998398665097916
153,78,188,5.6,0.09,0.26,18.72,117.45,53.95,67.84,42.67,64.57980353590769
141,69,211,5.7,0.71,0.16,12.33,116.81,68.31,43.3,42.22,67.01995786042662
163,41,186,5.6,0.58,0.23,10.99,69.61,59.56,26.76,31.23,63.28402871452311
145,80,181,6.1,0.09,0.21,11.79,119.03,53.9,28.24,23.97,70.61831696275374
133,15,212,6.4,0.87,0.27,17.31,108.36,29.97,54.07,43.06,60.57780296328322
175,12,171,5.8,0.16,0.21,17.07,112.14,49.21,69.76,30.55,57.30306730269339
147,62,192,7.1,0.97,0.28,12.52,60.1,50.96,63.13,39.13,64.41390216542686
151,69,207,5.9,0.55,0.25,16.14,113.51,22.04,31.29,19.27,73.43196080055867
133,64,197,7.1,0.78,0.15,18.88,72.6,67.42,26.32,15.82,66.1672281077772
168,64,206,5.8,0.34,0.18,12.97,76.81,42.61,48.57,31.22,71.41624788904471
153,60,185,6.3,0.19,0.28,6.86,85.83,69.79,23.61,33.64,71.0799467787114
173,29,170,5.9,0.5,0.17,16.42,70.15,23.94,55.15,19.28,66.95431852413591
138,78,194,7.1,0.34,0.15,15.83,92.88,48.58,69.7,25.54,71.23593961307407
143,21,218,6.4,0.17,0.16,10.56,113.57,51.07,25.58,23.23,63.965632477941995
141,36,190,7.2,0.33,0.19,18.23,109.89,68.6,56.66,44.87,61.38994830786707
177,79,214,6.4,0.33,0.28,5.97,98.7,64.64,44.2,10.35,82.04175960284961
137,38,208,6.1,0.54,0.27,5.57,115.77,40.37,21.61,25.95,68.22163058679908
104,23,193,5.8,1.16,0.23,15.78,60.23,85.25,33.45,67.88,46.93083276216617
146,76,192,5.7,0.6,0.32,17.82,148.4,75.0,23.4,68.2,69.67146069363676
153,62,67,6.2,0.12,0.04,20.12,88.95,125.23,28.67,26.1,63.291667979735514
155,66,86,5.9,0.14,0.066,13.42,78.73,46.97,33.23,45.1,62.128745722953354
98,85,191,6.0,1.45,0.28,14.47,179.63,85.79,47.76,65.83,56.9275921447459
95,87,141,4.8,0.88,0.27,18.63,71.11,64.77,20.86,58.64,48.42880594349376
107,79,127,5.7,0.75,0.25,9.46,80.98,89.12,29.14,60.91,59.57418303904203
123,74,134,6.0,0.83,0.31,19.9,140.22,99.24,23.29,70.52,64.09472690700261
93,73,139,6.4,1.05,0.18,18.34,191.43,54.99,37.53,54.89,60.47065834638251
137,74,188,6.1,0.57,0.17,15.44,84.83,51.88,50.0,69.45,73.88761974669067
145,84,191,5.1,1.07,0.19,15.6,50.27,64.46,38.88,66.69,56.23568766771378
86,83,143,5.7,0.89,0.34,13.28,173.21,70.27,22.48,66.15,56.489876559613606
148,76,197,6.0,0.87,0.22,15.81,110.14,65.92,20.69,55.41,70.46592670990974
137,71,170,5.1,0.72,0.32,9.97,88.37,95.67,40.4,63.5,56.73737527549895
131,81,149,4.8,1.44,0.16,16.96,64.95,72.87,47.96,61.14,43.80786482499166
129,85,179,5.2,0.88,0.23,12.08,123.96,77.69,30.11,67.32,57.63081251137585
86,80,195,6.8,1.22,0.21,19.53,62.65,55.71,22.56,64.69,60.26974139683333
81,87,128,6.4,1.17,0.25,16.92,188.97,53.49,34.25,62.58,59.35930086917138
127,80,163,5.6,1.3,0.21,12.3,173.53,63.03,44.37,65.89,54.491961702943904
111,82,164,5.8,0.63,0.24,14.66,196.99,82.4,46.82,58.46,65.99285542784737
100,82,159,5.4,0.55,0.2,14.32,148.77,61.36,40.08,68.78,59.665311355371706
112,88,148,6.2,1.48,0.25,14.38,63.05,81.71,45.0,66.52,58.70514420540686
89,77,156,5.2,0.82,0.27,12.54,100.06,86.28,45.08,62.04,50.633694994746136
85,80,131,5.0,1.29,0.34,18.71,51.06,87.68,41.62,70.34,40.43102671290831
118,70,153,5.7,1.08,0.24,11.09,162.31,84.41,27.58,69.93,55.62228602007184
148,73,198,5.5,0.58,0.29,13.5,182.25,56.44,35.78,58.55,66.97524323937415
82,86,136,6.8,1.28,0.23,17.82,107.04,88.46,20.84,66.11,56.866858913463034
110,71,146,6.1,1.44,0.2,19.17,139.93,88.28,26.8,71.76,54.55210607337212
109,76,182,5.1,1.39,0.31,12.91,85.58,60.77,39.58,72.53,44.802428244210454
92,77,162,4.5,0.64,0.18,10.56,171.73,84.09,32.57,63.14,49.57538809350781
138,86,149,5.9,0.65,0.21,12.61,145.64,85.73,49.73,58.16,70.54691522283017
91,78,159,6.4,1.36,0.15,16.29,130.77,57.57,44.17,68.17,57.652143933965654
132,87,195,4.5,0.94,0.31,18.19,72.44,88.09,44.92,74.56,53.91451103019172
114,82,183,6.1,0.69,0.34,9.91,180.56,53.28,48.57,56.56,70.51257663262318
128,89,184,6.5,0.8,0.31,17.45,122.21,95.92,46.73,57.67,74.43451589061345
98,78,179,6.8,1.29,0.17,19.88,190.72,56.17,49.92,62.77,59.46768423989812
91,80,132,5.4,0.81,0.32,9.63,99.14,72.69,42.77,50.03,52.76553308486173
98,78,131,6.1,1.05,0.35,19.3,187.27,50.73,31.89,54.75,59.47394642813931
97,84,183,4.6,1.4,0.26,8.42,173.88,92.04,31.31,51.5,41.65792030970634
110,86,154,6.4,1.39,0.3,11.62,138.84,82.52,46.43,57.24,60.93013112292845
102,89,160,5.3,1.09,0.29,8.66,178.86,66.75,29.77,73.99,51.99392394682208
104,85,172,5.3,1.12,0.17,16.41,105.55,64.46,49.61,61.2,51.64685570341238
139,74,125,6.7,0.77,0.25,17.53,97.52,52.55,27.09,62.16,69.46023749070945
118,86,179,5.7,0.87,0.32,16.08,172.71,63.92,22.72,60.75,63.38150011221276
128,73,123,4.7,1.42,0.35,10.33,56.62,72.65,34.1,56.43,40.21947300264739
111,74,165,6.8,1.25,0.27,10.98,169.05,50.52,33.8,60.5,60.15029079323638
127,72,168,6.5,0.5,0.21,13.12,92.31,73.36,45.64,52.79,74.5410445922641
110,82,167,5.8,1.08,0.18,15.08,139.78,60.57,44.21,71.44,59.279194427601006
112,87,145,5.0,1.36,0.19,8.34,55.17,82.6,20.66,71.2,44.94892521007511
80,71,169,6.4,1.37,0.18,10.31,59.08,89.43,45.57,72.04,55.25526046513096
105,72,164,4.9,1.0,0.15,15.34,148.32,59.16,25.77,55.5,46.7531703111969
122,86,167,6.4,0.71,0.32,9.86,99.1,68.08,47.83,60.31,73.34988968415043
111,76,155,6.8,1.28,0.3,12.38,77.21,89.26,46.94,68.06,59.55828537318218
145,73,181,6.4,0.81,0.17,8.78,196.66,54.72,37.8,52.55,72.91273767626672
112,85,184,4.7,1.1,0.32,15.36,156.35,65.26,47.26,52.13,48.705504044775985
107,86,159,5.3,0.64,0.17,9.11,97.91,50.78,21.14,58.37,58.721036536129795
121,87,154,5.9,0.53,0.2,14.16,139.46,80.34,31.98,52.64,70.67145328639262
121,76,169,4.8,0.86,0.27,10.03,78.71,78.58,27.1,69.01,51.3292494024738
101,77,125,6.8,0.65,0.29,12.34,178.23,87.49,26.55,67.57,66.31964285039331
135,82,166,5.3,0.74,0.27,14.71,147.87,53.86,47.16,54.12,60.33579386552127
145,88,136,6.3,1.46,0.31,15.76,100.48,88.57,45.59,64.45,63.26401921034482
81,76,136,4.8,1.44,0.22,8.18,134.97,73.02,31.52,74.15,35.79012646578989
133,87,192,6.8,0.74,0.22,8.15,102.08,92.19,44.92,50.3,74.6414832051605
144,85,190,7.0,0.65,0.24,17.03,174.27,53.8,43.84,66.57,74.6814724108213
130,73,152,4.9,1.22,0.17,14.82,124.33,81.57,21.44,53.55,46.159329463697524
81,77,151,5.6,1.43,0.32,11.18,70.99,82.76,30.27,52.31,45.483474390798065
85,71,146,6.3,0.94,0.23,15.47,112.89,85.97,28.88,50.93,60.63026705464144
82,86,168,6.5,0.95,0.24,9.8,184.17,70.09,23.98,67.82,64.90922641044592
128,89,191,7.0,0.87,0.22,9.42,119.39,80.24,41.18,54.29,70.2154709326247
129,81,151,5.6,1.07,0.17,13.47,78.29,80.8,35.74,54.17,57.74408045140411
132,73,197,6.4,0.9,0.3,18.0,63.61,70.04,45.15,70.02,70.7885322069393
106,73,191,5.0,0.98,0.24,15.2,115.72,71.66,28.04,69.75,49.58457438474868
149,76,137,5.4,0.53,0.31,10.38,199.66,75.32,30.91,70.86,63.759768118121144
143,70,156,6.9,1.08,0.28,19.42,155.4,67.34,44.3,61.14,64.46077816009299
82,80,149,5.4,1.36,0.32,10.23,125.26,50.5,22.45,57.32,44.30057866259023
133,84,143,5.9,0.54,0.21,8.66,179.38,93.09,22.96,64.98,70.84039883948452
97,83,144,4.7,1.33,0.33,18.13,167.25,57.47,21.4,66.93,40.79354297061979
81,71,200,5.5,0.98,0.32,18.86,84.31,55.71,46.04,55.79,52.224048363789024
116,88,193,6.8,1.16,0.15,19.09,160.72,50.75,30.52,73.35,66.44921910070127
116,85,139,6.5,0.88,0.26,10.96,142.87,65.39,30.32,51.12,68.48033998521804
112,81,138,4.8,0.84,0.2,10.61,158.96,57.34,23.21,71.31,49.81266896394214
122,85,184,6.5,0.94,0.28,18.77,92.46,62.6,26.7,52.17,70.7769401330377
88,78,171,6.5,0.8,0.2,13.79,169.65,88.96,32.04,59.77,66.47940379403795
131,80,159,6.3,1.0,0.29,13.65,98.47,64.59,26.92,62.41,68.04295490879271
125,73,146,6.1,1.07,0.26,8.41,156.85,54.11,36.71,63.81,62.39604546731152
140,88,156,5.7,0.83,0.27,10.6,69.37,60.93,41.08,68.99,65.91266542386587
115,86,131,5.3,0.8,0.23,9.09,111.15,81.54,37.04,68.36,55.813522370079035
137,81,122,4.7,0.89,0.23,8.44,51.04,59.46,45.83,57.05,50.851636097005596
129,76,169,5.1,1.06,0.25,12.33,89.79,87.9,31.5,58.32,51.573073723392525
120,81,134,5.3,1.49,0.16,13.41,134.52,96.6,41.39,71.43,45.25743712740843
103,87,182,5.1,1.1,0.25,11.75,182.53,71.27,24.36,52.73,50.5948524866347
126,80,161,5.8,0.74,0.34,14.23,158.95,63.24,47.82,73.14,65.6741931957705
90,77,124,6.0,1.18,0.31,12.29,187.65,70.65,42.9,73.0,54.73605482028175
129,80,146,5.7,1.45,0.29,17.4,182.3,83.22,26.85,59.76,53.081771114922795
129,76,190,6.5,0.57,0.33,14.35,178.82,91.08,30.23,53.52,75.7359817689086
100,83,170,6.3,0.71,0.17,18.47,157.91,88.5,33.82,65.78,69.67501945671091
109,72,185,6.1,0.88,0.27,8.99,179.75,65.98,48.29,74.03,65.13966458532087
120,76,124,4.9,0.5,0.29,14.42,128.4,71.42,33.21,70.96,54.779088024919496
123,81,126,5.4,1.19,0.21,17.92,98.48,79.91,49.91,56.88,50.98073387323325
100,86,188,4.5,1.5,0.34,8.16,107.13,81.09,45.14,52.47,40.89470319574974
132,80,156,5.4,1.09,0.17,9.54,136.22,53.68,26.69,68.39,55.043113769759486
118,74,165,6.6,0.63,0.34,13.95,132.96,81.76,41.04,71.78,71.53643809508908
105,82,195,6.2,1.18,0.22,15.66,59.27,85.65,34.64,68.93,63.668731295823235
148,74,196,5.4,0.8,0.31,17.92,147.96,78.05,23.14,67.2,62.38133747017831
121,45,61,6.1,0.9,0.189,12.01,132.03,120.31,32.21,29.1,54.23394889180031
124,34,102,5.6,0.23,0.132,12.3,143.3,122.4,48.21,48.21,49.5569407618254
131,24,61,6.5,0.74,0.206,30.01,209.2,992.78,29.4,17.02,56.046637102734664
126,31,56,6.2,0.51,0.312,22.32,165.2,302.2,25.99,25.21,58.63637110858499
154,60,68,6.1,0.11,0.03,20.17,89.54,124.37,38.58,25.3,61.930019352504914
154,65,88,6.1,0.15,0.065,13.21,79.73,45.97,32.44,45.9,64.61403019261331
157,35,62,5.9,0.2,0.105,12.01,149.89,98.51,38.97,28.68,55.780457967348525
174,35,72,6.2,0.11,0.048,24.4,81.25,130.27,48.97,28.33,60.66418584127777
154,35,93,5.7,0.16,0.139,12.75,66.39,54.01,45.19,29.05,53.51570804520119
141,42,76,6.3,0.15,0.127,18.6,135.09,145.14,47.87,47.91,59.45693618496911
101,32,91,6.1,0.12,0.138,24.13,110.32,51.64,42.05,34.34,51.03471262671038
104,63,76,5.6,0.13,0.196,16.26,132.54,63.94,36.44,33.4,49.92247414443196
155,59,62,6.1,0.13,0.168,21.23,123.43,143.6,32.12,37.48,61.831078726735015
109,54,67,6.5,0.2,0.03,12.74,130.43,33.9,42.2,49.29,58.69406257698941
175,50,65,5.6,0.19,0.068,16.92,96.64,91.18,44.15,46.69,56.590914647018806
153,66,64,5.8,0.18,0.086,13.77,54.1,147.49,40.98,46.51,59.82583153033566
145,55,72,5.6,0.2,0.152,12.36,94.31,126.75,39.56,30.38,54.33243965317795
112,36,88,6.3,0.2,0.154,5.97,147.11,113.15,36.75,44.72,55.995726527417986
110,48,83,5.5,0.12,0.048,11.69,108.69,140.64,48.27,39.05,46.44420111077104
143,59,95,6.2,0.22,0.029,23.11,126.22,66.97,45.86,27.25,64.44665689326102
160,37,74,5.9,0.16,0.097,5.07,122.51,112.08,38.31,38.49,56.609652350201436
144,43,77,6.3,0.19,0.084,10.38,109.01,77.04,30.59,25.51,60.68992460576241
171,44,76,5.9,0.19,0.165,17.05,99.76,52.69,43.1,26.33,59.956942323101174
132,60,90,5.9,0.14,0.183,24.81,114.52,145.36,40.77,37.36,58.24150748693463
113,32,62,5.8,0.14,0.156,9.51,73.86,126.93,46.06,26.58,47.266925395819776
145,43,89,5.9,0.2,0.126,5.56,84.79,93.06,32.96,47.63,57.32872108634335
178,43,95,6.2,0.13,0.109,14.91,131.24,139.98,37.66,48.19,64.31584881245294
103,61,66,5.6,0.17,0.135,5.6,92.74,40.6,33.96,39.59,49.45420609811513
138,55,94,5.6,0.17,0.018,18.61,58.74,39.78,38.4,38.75,54.19101319345881
112,44,89,5.9,0.15,0.169,23.17,71.36,43.41,44.93,27.84,52.61205441967668
164,55,94,6.4,0.14,0.071,16.15,60.24,99.57,33.07,28.04,66.24628042078506
112,30,89,6.4,0.19,0.058,17.96,100.47,109.6,44.27,27.97,55.1596211451014
115,59,70,6.2,0.15,0.037,12.9,97.48,82.74,43.53,49.16,58.50628980777198
169,37,69,6.0,0.23,0.175,18.88,139.12,106.28,39.89,48.73,59.87977248473112
129,69,62,5.7,0.2,0.026,14.83,70.54,35.31,30.22,47.12,56.078925586467506
138,31,90,5.7,0.22,0.118,10.32,126.06,125.6,35.25,36.66,51.4329043989829
146,37,72,6.4,0.18,0.155,20.66,121.27,47.06,47.95,38.34,59.78114122393855
117,52,70,6.1,0.12,0.094,13.4,71.52,86.25,42.06,48.22,55.91670326479858
101,35,93,6.2,0.17,0.055,20.46,73.8,129.76,33.22,36.06,53.48522550621987
110,36,66,6.5,0.2,0.177,13.75,58.9,71.59,39.09,43.98,55.16612466124661
127,37,85,5.8,0.11,0.074,16.91,105.31,107.2,31.54,28.53,50.8312146296212
144,36,77,6.3,0.16,0.176,14.29,109.33,50.24,49.12,34.73,58.83992460576241
157,48,96,5.6,0.17,0.077,16.42,50.11,49.38,37.58,44.25,55.29840417645955
112,51,82,6.5,0.14,0.026,11.12,103.8,78.74,32.85,35.88,58.385858585858585
105,38,73,6.1,0.12,0.164,10.85,121.53,52.55,34.12,34.97,51.76415337566333
111,51,65,5.7,0.17,0.035,18.11,148.12,96.33,49.96,33.7,49.91879993975649
119,67,64,5.7,0.13,0.086,21.69,114.2,118.04,30.97,34.87,53.47470040785208
153,49,68,6.3,0.12,0.145,12.16,109.07,62.63,46.67,40.29,61.488483364077254
126,46,66,6.2,0.13,0.167,24.95,145.21,133.91,37.79,37.29,56.778376528639185
118,32,98,5.7,0.14,0.157,11.81,83.19,110.55,40.52,49.58,48.34125620977374
139,38,93,5.8,0.21,0.142,11.64,113.1,73.56,43.58,36.4,54.47997048081608
122,40,88,5.5,0.21,0.037,13.58,118.4,54.08,32.59,30.08,47.98035533594965
138,36,80,5.8,0.17,0.168,17.66,68.65,75.39,49.8,44.38,52.64910080848299
105,63,92,6.4,0.18,0.17,17.41,118.65,100.65,41.52,46.6,60.888384387279274
108,49,96,6.1,0.22,0.095,6.17,138.31,46.44,47.56,47.76,57.089553720575864
136,30,65,6.0,0.21,0.15,7.13,63.69,95.25,44.48,42.65,53.796303650042766
174,68,92,6.5,0.16,0.113,15.36,98.87,95.42,44.77,25.17,70.45614683419562
127,31,84,6.3,0.16,0.105,6.35,104.14,68.28,34.08,31.06,56.0728637533357
142,34,83,6.4,0.23,0.162,10.38,133.11,60.52,43.96,40.92,60.02229668094766
110,32,61,6.3,0.23,0.086,17.59,57.08,35.93,49.86,44.8,53.9297866407464
103,30,85,6.5,0.2,0.187,19.5,118.77,59.39,37.03,43.38,54.11209657551121
174,44,88,5.9,0.19,0.129,21.89,98.45,91.13,40.97,41.47,60.98613670595409
120,30,95,6.0,0.14,0.168,23.74,129.92,39.26,39.55,27.81,52.352117890003356
155,66,78,6.4,0.21,0.083,5.55,86.18,67.81,35.12,32.28,67.49270811233471
102,43,78,5.7,0.14,0.037,12.92,121.0,72.13,47.37,30.51,47.437043349463316
139,41,83,6.0,0.2,0.08,19.38,125.48,115.82,46.79,28.42,57.20070128492821
168,54,93,6.4,0.19,0.089,20.76,73.32,63.59,34.81,38.72,67.24713038383015
174,58,72,5.5,0.2,0.19,10.08,142.65,92.32,44.04,43.55,57.1288032295195
154,41,99,5.7,0.21,0.138,18.96,89.15,115.82,41.26,27.68,55.790911297233706
114,53,64,5.8,0.13,0.153,13.5,108.36,66.57,31.38,47.14,51.551589106093246
171,51,87,6.3,0.22,0.139,18.52,57.31,32.46,36.56,40.68,66.69102093490751
171,32,93,6.0,0.23,0.115,19.86,141.12,126.25,45.65,36.93,60.43311074538646
155,68,90,5.9,0.21,0.043,15.61,68.39,143.41,33.38,34.38,63.79554789097504
176,48,63,6.1,0.22,0.066,17.88,122.45,105.73,39.44,39.19,63.68679442025559
176,58,65,6.3,0.11,0.108,24.15,144.58,50.68,48.61,26.21,65.87992214210142
114,47,78,6.1,0.14,0.092,19.05,80.38,35.23,36.23,40.41,55.271519722054066
140,47,93,5.8,0.12,0.133,15.48,102.57,135.73,33.25,29.09,55.056233107078704
134,38,84,6.4,0.2,0.187,15.31,142.59,85.77,43.85,45.08,59.41639621285208
152,65,92,6.0,0.15,0.135,18.51,146.74,103.49,32.97,47.64,63.379920304391135
116,67,61,5.6,0.16,0.112,15.7,91.5,147.28,37.93,29.82,51.87461752950217
151,62,82,5.8,0.16,0.111,8.35,109.41,142.26,40.95,27.83,59.44891603390797
111,64,62,5.7,0.16,0.135,20.86,60.16,111.83,34.16,39.67,52.20619831374023
160,35,80,5.9,0.23,0.109,15.84,87.43,145.86,37.01,42.23,57.58485560223396
145,48,81,6.4,0.15,0.178,8.66,129.52,143.29,47.53,45.15,61.89268347572471
119,48,89,5.6,0.23,0.097,13.52,66.62,49.53,49.77,43.82,51.021020584441814
170,40,69,6.1,0.11,0.064,20.62,132.94,57.34,37.02,39.3,60.00442191471235
129,52,64,5.6,0.12,0.037,24.73,105.14,114.21,49.74,38.4,50.078633296932566
148,34,98,6.3,0.19,0.13,19.68,145.22,120.58,32.43,44.26,60.53318649292674
161,47,61,6.5,0.2,0.149,12.82,123.14,96.12,49.67,47.79,63.534515890613456
175,41,81,5.8,0.11,0.093,8.29,74.26,101.88,47.23,39.42,57.47501852220558
175,47,60,6.3,0.18,0.145,7.29,115.34,87.72,42.14,30.5,64.33265680581168
154,69,88,5.6,0.16,0.043,14.62,102.0,45.64,47.74,35.59,58.53601196162831
161,69,60,6.4,0.2,0.138,5.0,52.11,60.91,48.68,25.97,67.72467411381291
179,59,88,6.3,0.2,0.043,10.62,100.56,134.01,47.56,34.14,69.05532248701395
165,35,92,5.8,0.21,0.019,18.08,84.9,100.74,45.26,34.52,57.10859822163894
147,60,64,6.2,0.12,0.043,15.39,70.29,140.79,34.46,36.79,61.9714905961435
148,54,79,5.7,0.18,0.022,16.81,88.26,89.39,30.59,49.41,56.09932469954954
110,47,93,5.9,0.17,0.029,16.42,142.64,52.27,30.64,40.21,53.47633133517311
105,52,87,6.4,0.2,0.177,9.41,125.32,145.88,49.41,29.37,58.71738167725218
128,33,66,6.0,0.12,0.166,9.78,125.83,121.09,30.51,38.41,52.09040318194718
153,35,96,6.5,0.23,0.139,7.54,91.72,39.13,42.86,30.82,62.47143385070214
160,52,66,6.2,0.17,0.049,19.64,87.3,30.01,44.99,39.57,62.87130582156848
125,44,62,6.2,0.11,0.187,11.89,133.79,120.35,31.75,28.91,55.73531173435488
120,33,100,5.8,0.22,0.131,11.6,144.3,124.53,47.92,47.65,51.610384375864115
142,27,57,6.2,0.8,0.223,23.32,117.1,678.21,21.32,11.31,55.56077367079243
132,29,82,6.7,0.2,0.198,25.99,255.99,273.04,25.32,12.85,56.795775800638
177,76,301,7.2,1.45,0.0232,12.43,165.21,64.55,17.99,7.38,68.25166301592324
172,95,342,6.5,0.83,0.0142,16.01,205.77,60.21,20.01,4.36,89.30375708302539
133,25,64,6.8,0.78,0.239,29.19,211.08,995.84,29.7,26.51,54.703813828466735
129,29,55,6.0,0.53,0.295,22.48,164.02,305.54,26.34,16.09,56.070459846150186
133,14,110,6.2,0.85,0.297,17.95,108.88,1490.6,24.48,13.55,53.947038760716055
147,15,75,6.1,0.23,0.24,31.4,258.32,986.31,24.64,24.99,54.22558476270447
116,22,76,6.4,0.43,0.248,30.93,276.72,563.72,27.87,21.1,56.96006460408145
126,12,53,6.2,0.11,0.203,24.51,195.22,566.63,27.67,14.94,48.97376948256873
173,13,66,6.7,0.87,0.221,23.78,232.42,221.47,22.94,19.06,56.85533480531895
121,26,54,6.6,0.77,0.254,20.4,214.29,1076.67,24.33,13.47,54.19896581127533
124,19,72,6.4,0.32,0.204,26.86,251.61,1195.74,24.69,16.06,55.503363446160776
139,20,76,6.5,0.41,0.222,21.05,254.19,517.91,29.49,17.2,59.31974624291697
145,14,68,6.6,0.71,0.202,21.04,260.73,1454.81,26.85,21.06,56.48807642965425
162,29,60,6.4,0.53,0.265,28.61,163.46,1420.72,28.82,13.65,63.90093674007553
177,21,71,6.0,0.48,0.273,19.91,134.31,1111.6,22.31,22.53,61.548274578842964
118,14,72,6.8,0.2,0.208,24.72,275.89,1307.7,26.92,15.8,50.743478770570704
112,18,51,6.3,0.31,0.211,22.37,160.55,1206.77,21.8,18.4,52.04030647321745
162,16,67,6.2,0.32,0.218,22.53,139.76,469.08,27.57,30.0,58.22803161609915
149,23,72,6.0,0.23,0.293,30.7,209.9,453.21,27.95,26.99,54.71712158549485
114,11,70,6.2,0.54,0.249,33.32,130.21,461.73,28.37,20.66,53.43002718150935
124,29,105,6.1,0.16,0.281,26.76,247.91,1155.23,21.08,10.35,54.697560618826664
127,11,57,6.4,0.52,0.287,17.75,133.52,912.7,24.84,26.29,55.86914319486735
124,13,106,6.5,0.65,0.278,26.85,273.06,301.1,21.46,27.27,56.75182310914019
164,16,61,6.1,0.62,0.239,25.75,139.58,245.67,28.69,16.19,58.06324182109323
130,19,107,6.3,0.76,0.268,18.79,188.45,1358.0,25.41,23.14,56.49826409824825
129,21,103,6.4,0.26,0.26,32.53,249.72,596.0,23.36,13.74,57.31489337964192
133,20,75,6.1,0.74,0.207,18.15,152.96,1354.43,26.35,12.93,53.907907995027706
115,26,75,6.3,0.54,0.241,17.59,134.71,1506.23,26.18,23.59,57.56990736013541
157,10,105,6.3,0.19,0.213,29.23,257.79,1013.28,27.05,20.18,57.24895392332831
152,28,97,6.8,0.62,0.251,23.25,106.45,1009.95,22.28,15.93,61.89142161363549
130,14,69,6.8,0.56,0.273,31.72,143.25,726.91,24.6,11.52,55.69602865970596
152,27,92,6.3,0.35,0.286,18.93,273.27,718.75,29.86,13.83,61.71303374594471
138,20,97,6.3,0.22,0.299,26.6,148.39,942.57,26.14,22.27,56.86635968829505
180,17,62,6.0,0.44,0.252,27.08,262.68,1347.93,28.38,14.16,60.03925757958206
163,27,83,6.2,0.85,0.233,21.57,116.27,410.47,21.26,16.13,58.8715029144485
115,14,83,6.3,0.51,0.226,16.05,164.17,531.59,27.64,15.49,56.05351169617877
172,18,110,6.2,0.46,0.291,29.7,144.97,1031.92,24.07,13.73,64.32128118495848
139,27,61,6.3,0.75,0.252,16.32,178.81,880.22,27.9,27.37,56.891402802362556
156,17,94,6.4,0.54,0.268,27.01,228.4,1254.57,28.49,10.79,62.436179410684055
151,25,93,6.3,0.11,0.22,25.38,207.95,1279.57,23.44,21.14,57.64097166168751
120,26,79,6.4,0.29,0.202,16.36,267.83,314.9,27.59,20.94,56.32771673514821
176,23,91,6.6,0.45,0.3,30.94,211.77,264.99,23.65,11.58,65.84883030992032
154,20,102,6.2,0.78,0.271,17.85,258.89,935.34,20.25,14.09,58.414949576187844
143,27,90,6.3,0.42,0.235,20.53,135.28,1330.33,20.69,20.24,61.51826902557024
169,16,88,6.3,0.41,0.298,23.09,115.84,564.66,20.51,22.77,62.34269622438769
164,24,86,6.4,0.54,0.287,27.05,115.17,588.85,21.79,16.42,64.4126760847417
161,20,99,6.5,0.74,0.264,24.67,271.79,1567.22,23.35,27.97,61.094136486819416
172,27,56,6.6,0.72,0.201,27.18,169.37,267.37,21.82,22.44,61.69676083468012
165,26,79,6.6,0.81,0.262,19.52,110.36,1468.03,21.24,23.11,60.509534916966395
173,23,73,6.4,0.25,0.233,33.48,105.3,610.06,28.4,21.57,61.494432675034886
124,21,54,6.4,0.81,0.278,31.61,194.06,588.3,22.05,15.04,52.97775369006322
129,17,52,6.5,0.3,0.283,28.32,119.48,706.18,24.14,20.62,54.50630697216063
165,20,88,6.7,0.82,0.298,19.45,131.61,1558.75,29.13,29.83,59.18764571933718
149,12,104,6.3,0.73,0.202,30.73,125.1,544.27,22.3,24.89,57.78465237122188
112,12,85,6.0,0.6,0.246,16.3,136.57,859.59,29.34,12.29,51.10001145984814
120,16,61,6.4,0.55,0.227,18.59,114.46,1492.46,22.12,10.17,55.75210697905065
166,20,102,6.5,0.12,0.208,32.49,249.36,790.07,21.33,15.69,59.788051244148804
170,12,61,6.1,0.6,0.239,23.64,235.22,1004.84,29.53,16.26,58.32081757866899
139,21,103,6.7,0.84,0.226,27.51,164.9,1264.7,21.71,21.09,56.61782556659019
114,15,97,6.6,0.42,0.261,33.85,256.3,601.33,25.47,21.57,56.29575073367001
158,10,87,6.2,0.61,0.298,19.12,228.47,1564.44,27.39,12.39,58.65699195115705
117,14,108,6.0,0.68,0.21,26.6,120.62,605.39,26.47,22.11,52.17793705728593
169,17,72,6.0,0.34,0.23,27.45,228.25,933.09,21.36,23.83,57.69237411074738
155,13,95,6.6,0.36,0.254,25.2,108.79,1485.04,28.75,16.29,60.06411732642685
175,20,76,6.3,0.72,0.264,18.91,259.43,208.4,20.67,22.94,61.29986547789841
171,14,72,6.7,0.57,0.249,27.98,193.44,509.03,20.71,23.39,61.62801280482621
130,21,106,6.8,0.76,0.204,26.43,126.87,293.0,21.84,15.94,56.1014487139065
125,18,61,6.3,0.1,0.242,22.67,207.36,237.77,21.5,22.76,51.07372603468579
176,27,109,6.5,0.49,0.267,35.0,274.77,288.27,23.94,27.53,68.380081300813
160,20,79,6.5,0.33,0.215,31.16,209.31,603.86,28.37,27.17,60.933863020448385
116,21,104,6.2,0.53,0.206,33.71,274.92,855.72,20.37,25.52,57.675370862218884
130,27,83,6.0,0.83,0.25,19.16,185.26,833.84,23.73,26.74,52.814337648564575
135,11,74,6.3,0.62,0.2,32.39,209.69,549.87,26.02,19.72,55.84095934338251
122,30,97,6.7,0.53,0.292,29.65,246.57,751.3,21.95,23.24,60.59615766809303
110,24,104,6.8,0.12,0.22,26.3,124.34,1170.18,24.98,13.04,52.26779510464313
153,26,73,6.2,0.29,0.212,26.65,112.01,1497.15,22.52,11.5,58.96687123176804
145,28,82,6.8,0.24,0.221,34.92,220.95,991.91,26.67,13.53,58.09457509971581
160,14,56,6.5,0.55,0.297,34.12,250.43,953.57,26.37,27.59,60.28725055432372
173,10,60,6.4,0.27,0.215,22.57,233.12,1298.39,20.8,16.01,58.48982562896442
130,18,106,6.5,0.36,0.222,30.26,143.8,1119.22,21.51,15.06,58.65939886671594
144,23,56,6.5,0.6,0.249,19.31,198.15,516.8,25.33,22.61,59.31704853412171
151,18,107,6.7,0.71,0.291,20.54,160.58,762.24,21.75,26.1,59.6997792497634
124,15,68,6.6,0.1,0.299,22.25,271.14,1058.02,28.32,20.89,51.186561278139095
129,30,88,6.2,0.31,0.236,19.5,106.23,533.07,27.44,18.01,57.84957633154631
166,22,84,6.6,0.83,0.296,25.24,213.23,422.49,28.86,19.01,59.806800253256114
110,26,110,6.1,0.49,0.283,17.4,266.12,606.28,26.87,10.89,57.550886561177
122,13,97,6.6,0.42,0.265,27.27,271.43,1448.32,24.93,26.38,56.90585174377102
178,23,59,6.4,0.33,0.286,17.22,271.03,477.12,29.39,10.72,62.56693821827213
145,19,82,6.5,0.85,0.289,25.56,146.85,989.65,28.41,16.04,56.30252525252526
132,24,63,6.0,0.29,0.275,19.96,127.98,1061.27,23.48,29.95,53.182852060981425
136,30,89,6.6,0.9,0.202,33.67,223.04,1532.58,23.43,12.43,56.83992417540443
167,21,90,6.2,0.19,0.262,20.74,129.07,1159.76,21.09,25.58,59.155957213536944
165,17,102,6.4,0.78,0.208,29.62,193.41,984.36,26.02,20.57,60.40614738309105
159,19,61,6.3,0.45,0.205,31.86,169.69,267.64,29.76,16.73,60.81665532761508
157,19,105,6.1,0.3,0.25,27.98,122.54,1572.54,26.48,20.07,58.96422728549334
171,16,71,6.6,0.81,0.27,19.72,252.57,1015.42,21.49,15.03,58.833506338498786
173,30,80,6.6,0.86,0.218,28.56,201.84,1495.87,20.65,26.7,61.62383646907282
173,24,107,6.7,0.51,0.278,27.36,181.24,1157.63,21.98,27.02,66.67755702754117
158,13,84,6.1,0.45,0.254,24.87,267.58,729.6,29.93,13.99,59.00227852964214
145,23,93,6.1,0.61,0.264,22.71,101.95,1383.16,25.16,10.31,58.94866926627678
146,28,56,6.4,0.79,0.221,22.39,116.13,677.57,21.35,11.33,57.56393255185183
131,28,81,6.4,0.11,0.201,26.87,254.4,272.03,25.62,12.87,55.52500670804794
194,76,260,6.2,1.24,0.0123,23.21,49.89,67.56,24.75,8.91,76.32914026354928
142,77,269,7.0,0.93,0.0123,18.2,126.21,62.11,25.1,8.69,72.91078997672422
102,32,67,5.8,1.56,113.2,0.18,3.81,184.11,37.86,11.32,36.549039216957986
73,34,194,6.2,1.89,89.2,0.29,4.1,117.21,23.34,13.45,45.17412671341376
174,79,300,7.7,1.65,0.0216,12.23,163.19,65.96,18.22,7.49,60.52290891848998
147,96,346,6.3,0.85,0.0121,15.11,206.88,60.28,20.08,4.32,85.64865828400829
164,96,242,6.2,0.78,0.017,18.33,76.05,55.59,18.42,6.88,82.46565171957292
179,86,301,7.7,0.84,0.0205,13.76,248.54,59.01,26.88,8.39,72.50842259180854
160,73,359,7.3,1.39,0.0215,24.84,55.53,57.12,24.11,9.13,68.04062797621869
125,97,250,7.2,1.37,0.0131,14.72,218.37,69.14,21.56,6.49,64.32177880799026
137,95,326,6.3,1.51,0.0147,16.2,225.53,56.78,20.48,1.21,73.35202118127363
161,57,287,6.0,0.96,0.0215,13.27,153.97,62.53,22.03,8.28,71.83538963181168
165,72,310,6.8,1.17,0.0191,16.08,220.73,59.09,23.87,3.76,75.62755120220412
188,66,320,6.0,1.62,0.0168,13.2,90.14,57.12,24.69,4.65,70.73309842708146
198,67,247,7.7,0.71,0.0193,22.59,172.42,56.4,29.21,3.0,70.13058322250575
121,52,362,5.8,1.46,0.0206,24.55,74.2,58.97,29.62,8.4,59.5371890075468
176,58,332,6.5,1.71,0.0216,20.22,225.59,57.02,19.03,4.48,71.81680216802168
129,73,252,7.2,1.57,0.0157,12.02,217.22,59.81,27.32,9.44,58.185230397051605
148,85,248,6.5,1.48,0.0211,17.63,177.08,57.2,18.67,5.33,69.42860310421285
193,78,332,6.3,1.57,0.0126,13.62,101.75,63.84,18.64,8.74,77.34793150401322
113,53,333,5.7,1.31,0.0226,10.62,102.41,65.7,27.37,8.99,57.89707044973432
116,90,247,7.5,1.78,0.0124,16.91,127.65,68.7,24.56,1.13,55.19066575723569
114,87,253,5.7,1.49,0.0164,19.77,154.15,65.04,19.62,3.13,57.78728971556334
130,60,254,5.8,1.5,0.0206,15.36,248.97,59.66,29.61,7.38,55.81989410732508
122,99,272,6.8,1.18,0.0196,20.97,97.65,60.21,23.04,3.64,73.38863767670522
137,94,270,7.4,0.65,0.0236,23.36,74.16,62.42,26.75,2.57,74.10404596015012
141,53,277,6.7,0.93,0.0225,20.96,218.05,65.97,18.98,4.91,71.35124512805854
176,86,256,6.5,1.23,0.0191,14.66,191.75,61.7,29.62,4.11,77.34756097560974
183,54,261,6.1,1.62,0.0139,14.53,194.71,65.55,25.93,5.5,65.70234012116714
137,67,345,7.0,0.7,0.0186,23.45,212.75,68.63,27.84,1.85,77.84871803782302
181,72,337,7.2,0.73,0.0183,20.29,226.69,66.77,22.26,9.68,80.70793303316889
163,57,233,5.9,1.56,0.0125,13.2,52.5,61.4,19.75,2.9,59.70632640785111
179,54,308,6.6,0.99,0.0154,14.37,79.5,59.04,18.27,3.36,77.58913580388436
155,56,317,5.8,0.82,0.0236,13.51,157.85,57.33,23.7,4.07,71.79109391023219
135,87,242,7.3,1.65,0.0199,23.01,60.41,66.29,25.48,5.12,59.692598905018876
151,89,320,6.3,0.62,0.0236,22.83,86.6,57.77,18.28,2.0,86.79449469691787
194,66,326,6.9,1.09,0.019,19.44,156.28,61.62,20.29,8.94,79.16426424040833
188,89,273,5.8,0.82,0.0164,24.6,88.36,66.8,23.39,4.09,80.17293672866039
148,84,261,7.2,1.36,0.0215,22.92,109.97,67.24,25.68,3.16,65.37202517409028
156,79,352,5.8,1.09,0.0188,17.68,89.62,60.98,25.15,1.04,74.36437550668452
118,82,304,7.8,0.82,0.0194,10.56,158.91,65.56,21.09,9.53,63.31699137316447
173,82,320,6.9,1.54,0.0126,22.74,74.9,59.05,22.71,9.05,73.23754583686068
178,81,336,7.4,1.16,0.0218,10.46,156.47,63.01,19.98,5.35,72.60804940927551
116,70,268,7.2,1.31,0.0119,13.34,227.48,65.72,27.73,2.96,59.661024927724185
157,98,296,7.7,1.5,0.0236,13.12,220.13,64.37,23.75,8.25,61.959642104003656
111,75,242,6.0,0.8,0.0136,13.88,170.66,60.68,28.88,7.11,69.08323392843647
162,58,349,6.1,1.22,0.0227,12.32,190.25,58.0,27.93,3.89,72.82047266612896
163,82,320,6.4,1.13,0.0221,22.58,55.97,58.62,25.21,2.6,79.71934028774737
113,79,360,8.0,1.72,0.02,16.68,157.1,65.93,26.47,1.87,53.028304367503054
151,68,358,6.4,1.09,0.0178,14.68,209.55,60.36,23.88,1.46,78.06380936880183
144,53,289,6.3,1.63,0.0143,14.23,117.81,62.0,20.57,2.6,63.83043951091146
121,81,356,6.9,0.92,0.0234,16.36,182.52,55.68,22.41,3.41,77.12310878339922
113,57,234,6.4,1.64,0.0135,18.22,248.47,59.35,27.25,8.97,58.19496236214994
140,100,339,5.8,1.13,0.018,11.65,84.42,63.13,19.9,2.11,75.23956644041205
197,85,336,6.1,1.01,0.0143,17.45,131.51,60.88,23.52,4.99,85.08505753925041
142,83,352,7.7,0.68,0.0179,13.18,149.81,66.01,26.53,7.1,72.40093306236778
165,97,293,6.2,1.3,0.0207,13.22,225.61,66.57,19.23,5.83,77.75614198811196
161,94,256,7.9,1.18,0.012,12.91,177.02,63.97,24.31,3.0,62.12892491826811
118,57,261,7.4,1.7,0.023,19.88,158.08,55.01,21.98,6.95,51.06725118311143
154,90,262,7.8,1.35,0.0193,12.89,126.95,61.14,23.08,5.49,59.23602315439137
123,91,289,6.2,1.31,0.0147,13.3,122.74,68.48,21.73,9.23,70.88630951705997
148,77,265,6.3,1.74,0.0206,18.0,98.1,60.79,21.41,4.2,67.83467700783189
146,77,368,7.0,1.0,0.0207,22.39,247.83,67.95,21.84,3.0,77.7316941403113
179,61,309,5.9,1.24,0.0142,15.23,122.88,69.81,28.33,9.37,70.54576962046507
183,82,363,5.9,1.77,0.023,17.01,170.58,66.86,24.53,2.11,74.27764939380825
152,81,315,6.8,1.13,0.024,22.66,206.6,61.76,25.88,9.47,76.65713977081707
116,69,349,6.6,0.78,0.0233,16.65,112.99,55.5,23.03,4.89,78.00681257156113
172,62,288,7.6,1.7,0.0236,18.86,199.8,64.94,26.76,3.22,57.49809036497999
149,96,316,7.7,1.38,0.0188,21.02,212.21,62.38,20.62,9.5,63.43355193401105
196,84,265,6.6,1.5,0.0137,11.37,130.83,65.16,23.08,4.05,75.75497714411594
118,97,369,7.0,1.03,0.0176,12.3,130.77,64.53,18.57,2.16,77.8005411469632
115,53,280,5.8,0.89,0.0176,24.57,105.46,58.04,27.47,7.94,63.0851688055266
177,81,323,5.9,0.78,0.019,18.34,56.25,60.94,25.16,3.82,81.95205195601568
116,97,240,7.5,1.04,0.0182,15.71,56.74,67.48,21.43,5.05,63.11126196319775
198,64,240,7.2,1.13,0.0136,23.03,191.08,66.6,23.87,1.63,69.99694510510777
132,94,311,6.5,1.4,0.0198,11.71,62.55,55.62,19.66,7.88,73.8230352303523
169,76,338,7.7,1.16,0.0145,11.76,246.66,58.84,23.33,7.57,66.45121638338281
191,80,255,6.8,1.49,0.0211,24.67,70.66,66.06,19.81,2.29,72.7293496747343
129,52,253,5.6,0.64,0.014,14.42,185.79,55.27,28.82,6.32,63.922535735956956
185,70,240,6.6,1.11,0.0235,13.65,137.19,55.45,29.57,3.2,76.06107470509153
179,64,274,7.4,0.92,0.0116,14.93,190.83,63.32,28.39,1.02,69.57387843120209
117,71,365,5.7,1.7,0.0111,12.21,90.51,57.72,19.18,2.64,60.88653829895827
114,70,348,7.3,1.55,0.0157,19.71,76.43,61.82,19.41,3.45,59.38634120607825
112,80,245,7.4,0.98,0.0188,15.75,84.14,67.85,27.9,7.23,61.84246675344895
124,93,364,7.7,0.78,0.0124,13.0,158.93,57.67,29.51,1.47,71.27861229370555
182,87,350,7.1,1.14,0.0135,23.24,200.22,68.01,27.58,4.11,79.84677972147517
167,54,305,6.5,1.71,0.0228,15.13,50.76,62.69,28.7,6.99,68.4170238975117
137,91,342,7.1,1.43,0.0145,12.95,78.84,59.28,20.59,9.21,70.18135720361362
138,68,300,7.7,1.3,0.0119,22.15,89.11,61.58,25.65,7.95,56.77745437303544
175,54,357,7.3,0.94,0.0216,11.02,95.47,67.17,25.32,4.91,72.77616628614723
192,50,322,7.4,0.99,0.0122,12.65,214.34,66.39,19.73,2.42,69.9669185888764
187,66,263,7.2,1.69,0.0183,12.69,200.34,61.05,20.96,5.15,64.70466868234354
196,62,355,6.1,1.67,0.0138,21.04,74.52,58.99,21.86,2.9,74.03860521109077
175,74,263,7.6,1.64,0.0187,12.14,209.05,63.51,24.58,5.76,58.92186469363236
113,79,239,7.9,0.91,0.0176,13.61,218.11,66.87,18.73,6.04,56.1969096435699
136,52,338,7.7,1.73,0.0138,24.32,212.74,64.86,19.94,8.84,52.384549716716144
141,71,264,7.9,1.55,0.0176,21.06,243.99,67.77,21.57,6.82,50.63727672905895
129,65,320,6.9,0.78,0.0148,22.2,223.94,59.87,22.28,6.98,75.08199028130511
144,63,246,5.9,0.76,0.0154,14.83,76.73,61.55,28.61,1.93,70.31194355493167
148,97,365,5.8,1.7,0.0145,16.65,138.79,57.07,19.13,1.64,71.50888154265397
165,97,264,6.2,1.72,0.021,15.15,221.98,59.52,25.18,7.34,73.1843262699548
178,93,343,6.6,1.4,0.021,20.62,223.95,68.08,23.1,1.65,81.00989214781143
197,79,259,6.1,1.27,0.0135,23.41,50.07,68.98,24.25,8.89,75.81161580483308
141,76,263,7.0,0.92,0.0129,18.3,127.29,61.66,25.05,8.65,72.40932409842908
130,54,131,5.2,2.45,0.08975,16.0,42.1,91.46,46.83,22.69,39.65544912137831
141,33,161,4.9,1.07,0.08812,23.0,38.8,258.9,34.2,15.48,42.28602323063519
132,68,213,5.8,0.56,0.24,10.3,115.21,60.21,55.63,20.6,69.5501971376281
169,35,219,5.7,0.14,0.27,16.21,113.99,57.21,32.42,27.62,61.938915731823506
103,35,69,5.6,1.47,0.1157,19.0,38.5,184.24,37.92,11.01,34.816807724131394
72,32,196,6.0,1.92,0.08974,29.0,40.4,116.88,23.33,13.25,42.56576657194472
177,42,171,5.7,2.23,0.10878,17.0,39.7,254.08,41.96,16.1,52.14739072566435
83,31,173,6.0,2.32,0.10183,14.0,41.6,147.19,42.6,17.61,42.508042994708944
165,57,53,5.1,1.61,0.11069,16.0,41.5,175.07,48.55,19.36,39.431265396218336
110,16,124,4.9,1.72,0.10427,18.0,40.8,275.18,38.98,23.54,26.516461762293233
118,46,191,5.8,1.97,0.1037,27.0,40.2,68.3,31.18,14.86,48.090108445832094
34,50,102,5.7,1.44,0.10416,14.0,39.2,163.83,45.25,18.18,32.851997771734816
88,25,207,5.1,1.63,0.0973,13.0,38.7,143.61,23.89,22.18,31.65592664283081
86,37,181,5.0,1.92,0.09329,20.0,38.9,262.73,21.27,22.84,31.51731643944195
54,77,172,5.2,2.23,0.08453,27.0,41.8,202.26,36.66,10.49,36.88171174764094
156,69,231,5.3,2.0,0.11483,26.0,38.5,146.77,37.78,24.67,52.51034424738872
136,52,224,5.1,1.85,0.08001,25.0,38.5,288.92,29.84,22.19,44.037941917529004
53,56,87,5.2,1.57,0.1193,16.0,38.3,169.84,42.55,22.34,27.94840305091761
114,61,243,5.5,1.41,0.105,15.0,38.2,80.75,25.98,13.45,50.27133833668876
53,78,69,5.6,1.58,0.09847,15.0,39.1,79.58,45.61,10.24,36.65367641100008
41,36,58,4.7,2.45,0.08768,23.0,41.5,160.62,33.71,22.71,17.111589287446595
90,80,87,4.7,1.59,0.09638,14.0,41.3,154.28,48.37,13.77,33.67027369247246
57,43,175,4.9,1.86,0.10867,17.0,39.9,158.33,33.99,19.66,27.98877021265047
83,75,163,5.1,1.93,0.08625,10.0,39.2,52.56,34.32,20.3,38.63978966327919
100,22,155,4.9,1.43,0.10545,13.0,41.2,102.42,34.35,11.03,29.184052301834996
87,59,128,5.9,1.59,0.09812,23.0,39.5,169.13,30.78,12.32,44.819309901322406
67,80,136,5.3,1.45,0.11092,21.0,38.9,234.56,30.11,15.83,39.07391901950008
156,27,189,4.6,1.83,0.08271,17.0,40.1,233.28,34.51,22.62,36.53261851123381
167,22,94,5.0,2.46,0.08211,10.0,41.2,119.12,30.45,20.02,34.02914201224313
79,19,131,5.4,2.44,0.08059,25.0,41.8,67.52,38.84,20.35,28.64618102770479
87,17,198,5.2,1.92,0.08745,29.0,38.8,85.32,33.52,14.27,30.457592506448528
135,65,150,5.3,1.81,0.08478,22.0,40.9,248.58,33.26,12.74,44.668585193434545
171,18,158,5.7,1.82,0.09202,22.0,38.2,97.09,32.59,22.78,45.88520792201813
116,25,122,5.7,1.79,0.11754,20.0,40.5,88.69,42.54,11.46,38.38954396537857
165,46,91,5.1,2.43,0.10672,25.0,40.4,206.23,36.52,20.77,39.29088599242431
168,33,167,5.8,2.35,0.08531,13.0,40.3,286.86,42.73,12.79,50.50242675083333
156,69,69,5.0,1.81,0.0823,23.0,39.9,225.83,48.66,11.87,40.685239573218745
97,21,57,5.4,1.64,0.09269,24.0,40.0,232.68,31.08,21.46,27.30806819203098
143,79,137,4.8,1.84,0.10582,18.0,40.4,76.23,43.72,18.23,43.37260983607813
51,45,127,5.1,1.79,0.08977,24.0,41.8,56.22,28.17,11.12,26.648166110680034
116,28,106,5.2,2.04,0.11435,25.0,41.4,293.13,27.74,10.91,31.332758803566048
95,20,143,5.3,1.8,0.09994,22.0,39.9,278.37,29.26,12.0,30.23867634889156
115,42,171,5.0,1.94,0.09436,26.0,39.1,276.27,34.35,20.15,35.63692718100391
108,77,118,4.7,2.33,0.10647,23.0,40.0,266.48,49.23,13.99,37.023217767367754
87,32,197,5.3,1.55,0.08509,18.0,41.7,257.84,24.53,12.28,34.55540460708323
78,26,185,4.8,2.16,0.11479,10.0,41.2,241.87,21.28,16.25,27.167165145267585
37,76,110,5.5,1.83,0.08761,30.0,38.3,145.36,45.7,23.22,34.99044402774567
115,18,132,6.0,2.4,0.0848,10.0,39.1,119.48,29.88,16.16,41.72622481289076
149,37,247,4.6,2.41,0.11576,21.0,39.7,82.56,46.92,21.26,40.79241156370979
68,69,175,5.0,2.28,0.10744,19.0,41.2,238.49,45.59,12.14,35.31938591468216
178,57,230,5.5,1.87,0.09151,14.0,38.9,182.5,46.77,20.6,55.49753937142637
171,53,90,5.7,2.06,0.10464,17.0,38.6,227.4,43.41,22.2,49.199571065649565
62,52,133,5.0,2.48,0.10269,27.0,40.6,125.68,45.02,21.56,28.885387392878755
40,34,149,5.1,1.79,0.11971,11.0,38.5,243.03,47.61,21.97,24.251689145910387
135,59,206,4.8,1.48,0.10182,27.0,41.6,73.6,43.84,13.42,42.402346224351106
157,38,245,4.8,2.4,0.11892,12.0,39.7,145.39,34.22,10.37,42.79394514034027
88,59,250,5.8,1.91,0.11188,29.0,38.4,163.34,42.88,18.93,50.10006163627309
151,57,106,5.6,1.85,0.10733,13.0,40.2,248.2,25.99,16.95,46.832833838937994
34,35,157,5.6,1.8,0.09826,20.0,41.4,176.33,36.61,10.81,30.42433420848714
173,28,239,5.8,1.45,0.11664,28.0,41.2,125.05,49.7,19.36,54.7861789065367
172,34,170,4.9,1.54,0.11246,27.0,42.0,219.32,40.88,17.46,40.437969522825384
171,35,196,5.7,2.0,0.10196,14.0,38.7,139.18,46.7,16.29,51.3448285182241
131,38,121,5.4,2.47,0.106,16.0,40.4,117.18,39.27,12.85,38.46983217330716
113,71,205,5.9,2.11,0.08845,23.0,39.6,58.08,41.35,11.98,54.67557991856804
85,75,236,5.5,2.3,0.09317,22.0,39.1,163.61,36.78,22.72,47.68031838103465
75,58,134,4.7,1.61,0.09968,21.0,39.2,62.14,46.98,23.78,29.92375977278781
52,38,57,5.1,1.96,0.09078,19.0,38.7,199.95,41.09,16.68,21.580390796563254
140,62,86,4.6,1.69,0.09467,23.0,41.4,234.18,34.52,13.19,35.92976066447353
171,21,250,4.9,2.09,0.08734,22.0,41.5,62.28,32.98,12.31,42.04775025699636
140,40,176,4.7,1.43,0.11437,12.0,39.8,240.96,26.83,19.25,37.857253244086166
85,24,209,5.4,1.84,0.109,20.0,41.1,288.09,29.99,23.58,34.63139906170331
130,42,157,5.7,1.96,0.09443,11.0,38.4,263.88,26.95,13.98,45.45423970324504
164,60,145,5.4,1.95,0.11762,13.0,41.0,88.58,37.67,13.35,48.3373118481039
150,15,229,4.6,1.64,0.09545,28.0,40.1,144.75,35.61,24.12,35.543064433874854
128,15,239,4.8,2.12,0.10932,30.0,38.6,235.91,48.79,20.73,34.20712572669159
34,65,152,5.7,2.47,0.10856,18.0,38.2,92.62,44.75,15.64,37.662024872005816
108,33,92,5.5,1.96,0.08523,30.0,38.8,190.43,43.53,15.09,34.37948073629457
76,38,197,5.0,1.7,0.09775,24.0,41.6,135.63,20.49,10.16,31.321898848902407
167,67,231,5.1,2.1,0.08822,17.0,41.2,144.61,41.3,14.69,51.331487125708364
179,38,71,5.6,2.15,0.11879,19.0,40.7,204.53,23.33,13.65,44.67116840410183
155,70,163,5.5,1.55,0.11556,17.0,41.0,265.76,21.67,18.43,51.56206265302283
66,41,167,5.3,2.03,0.09979,26.0,40.4,252.9,26.52,21.86,32.07787319540547
55,40,114,5.5,1.46,0.0912,29.0,41.4,61.39,28.59,24.65,30.87997346849462
96,59,171,5.6,2.01,0.10492,11.0,39.5,153.04,45.67,21.14,43.81142462484585
144,71,138,4.8,1.52,0.09011,16.0,41.3,165.57,31.69,18.4,41.95307300434618
33,17,150,5.1,1.78,0.08364,29.0,41.3,107.18,21.64,19.77,20.02205130407742
39,19,207,4.7,1.83,0.09684,30.0,39.3,130.96,31.6,22.6,21.534944793728933
114,49,164,4.9,2.14,0.1109,13.0,40.4,215.88,21.66,10.47,35.78953394756054
81,19,58,5.2,1.96,0.117,27.0,41.5,56.85,29.2,20.13,22.511940868113964
30,27,133,5.8,2.07,0.11772,15.0,41.1,215.94,30.34,16.63,30.035365898406617
154,28,205,4.8,1.48,0.08026,13.0,41.2,109.71,46.1,20.16,38.54713558133558
155,19,113,5.8,2.39,0.08181,22.0,39.0,198.72,37.84,13.1,43.1341833411265
171,57,129,5.6,2.48,0.08908,25.0,40.2,155.97,25.73,14.77,50.60469883031517
109,66,195,5.8,1.66,0.10815,27.0,38.4,254.17,31.97,19.6,51.17054697749014
151,68,145,5.6,2.08,0.09067,24.0,41.0,223.61,43.53,13.72,51.146654977149375
87,74,136,5.4,1.55,0.0896,29.0,40.2,219.1,34.91,19.73,40.9272847478329
139,27,197,5.5,2.07,0.1138,20.0,38.0,92.85,23.12,10.85,42.784679061005086
80,67,116,5.6,2.21,0.08029,15.0,40.4,75.09,47.71,14.86,40.41019279434573
102,17,58,5.6,1.78,0.11267,16.0,38.2,109.1,22.44,22.9,30.044339135809146
41,23,135,5.0,1.67,0.10655,26.0,39.2,206.89,31.09,20.64,20.542273325374442
49,45,90,5.8,1.98,0.09229,19.0,40.2,91.12,32.68,14.91,33.70373249116346
131,24,121,4.9,2.24,0.08775,22.0,40.0,94.34,24.93,23.74,30.60537528779213
131,55,130,5.3,2.48,0.08983,15.0,41.0,92.58,45.73,21.48,41.07952384827564
129,34,160,4.8,1.08,0.08869,25.0,39.0,259.93,33.49,14.16,40.15154553452602
